UnitNo,Unit Type,First,Last,Add OCC First,Add OCC Last,# of people,Ph #,Email,Parking,Renters Ins,Original Rent,Old Rent,Increase,Inc. Date,New,Lease Start,Lease End,Street 1,City,State,Zip,Refridgerator
101,,FName1,LastName1,,,,(XXX)XXX-XXXX,(YYY)XYZ-ZZZZ FNLastName1@AnyOrg.org,,AAA 10/20/2016,,,,,,10/20/2016,12/31/2024,20809 Anza Ave.,HomeTown,XX,xxxxx,
102,,FName2,LastName2,,,,(XXX)XXX-XXXX,FLastName2@hotmail.com,,AAA 12/25/2017,,,,,,2/3/1981,,20809 Anza Ave.,HomeTown,XX,xxxxx,
103,,FName3,LastName3,,,,(XXX)XXX-XXXX,(ABC)XYZ-DEFG,,,,,,,,,,20809 Anza Ave.,HomeTown,XX,xxxxx,
104,,FName4,LastName4,,,,(XXX)XXX-XXXX,,,,,,,,,,,20809 Anza Ave.,HomeTown,XX,xxxxx,
105,,FName5,LastName5,,,,(XXX)XXX-XXXX,GobbleGoop@ANYMAIL.ORG,,12/31/2017,,,,,,12/30/2017,,20809 Anza Ave.,HomeTown,XX,xxxxx,
106,,FName6,LastName6,,,,(XXX)XXX-XXXX,,,,,,,,,,,20809 Anza Ave.,HomeTown,XX,xxxxx,
107,,FName7,LastName7,,,,(XXX)XXX-XXXX,,,,,,,,,,,20809 Anza Ave.,HomeTown,XX,xxxxx,
108,,FName8,LastName8,XXXX,XX,,(XXX)XXX-XXXX,,,,,,,,,,,20809 Anza Ave.,HomeTown,XX,xxxxx,
109,,FName9,LastName9,,,,(XXX)XXX-XXXX,,,,,,,,,,,20809 Anza Ave.,HomeTown,XX,xxxxx,
110,,FName0,LastName0,,,,(XXX)XXX-XXXX,,,,,,,,,,,20809 Anza Ave.,HomeTown,XX,xxxxx,
111,,FName11,LastName11,,,,(XXX)XXX-XXXX,,,,,,,,,,,20809 Anza Ave.,HomeTown,XX,xxxxx,
112,,FName12,LastName12,,,,(XXX)XXX-XXXX,,,,,,,,,,,20809 Anza Ave.,HomeTown,XX,xxxxx,
113,,FName13,LastName13,XXXX,LastName,,(XXX)XXX-XXXX,,,,,,,,,,,20809 Anza Ave.,HomeTown,XX,xxxxx,
114,,FName14,LastName14,,,,(XXX)XXX-XXXX,,,,,,,,,,,20809 Anza Ave.,HomeTown,XX,xxxxx,
115,,FName15,LastName15,,,,(XXX)XXX-XXXX,,,,,,,,,,,20809 Anza Ave.,HomeTown,XX,xxxxx,
116,,FName6,LastName6,,,,(XXX)XXX-XXXX,,,,,,,,,,,20809 Anza Ave.,HomeTown,XX,xxxxx,
117,,FName7,LastName7,,,,(XXX)XXX-XXXX,,,,,,,,,,,20829 Anza Ave.,HomeTown,XX,xxxxx,
118,,FName8,LastName8,,,,(XXX)XXX-XXXX,,,,,,,,,,,20829 Anza Ave.,HomeTown,XX,xxxxx,
119,,FName9,LastName9,,,,(XXX)XXX-XXXX,,,,,,,,,,,20829 Anza Ave.,HomeTown,XX,xxxxx,
120,,FName0,LastName0,,,,(XXX)XXX-XXXX,,,,,,,,,,,20829 Anza Ave.,HomeTown,XX,xxxxx,
121,,FName1,LastName1,,,,(XXX)XXX-XXXX,,,,,,,,,,,20829 Anza Ave.,HomeTown,XX,xxxxx,
122,,FName2,LastName2,,,,(XXX)XXX-XXXX,,,,,,,,,,,20829 Anza Ave.,HomeTown,XX,xxxxx,
123,,FName3,LastName3,XXXX,LastName16,,(XXX)XXX-XXXX,,,,,,,,,,,20829 Anza Ave.,HomeTown,XX,xxxxx,
124,,FName4,LastName4,,,,(XXX)XXX-XXXX,,,,,,,,,,,20829 Anza Ave.,HomeTown,XX,xxxxx,
125,,FName5,LastName5,,,,(XXX)XXX-XXXX,,,,,,,,,,,20829 Anza Ave.,HomeTown,XX,xxxxx,
126,,FName6,LastName6,,,,(XXX)XXX-XXXX,,,,,,,,,,,20829 Anza Ave.,HomeTown,XX,xxxxx,
127,,LongFirstName,LongLastName,,,,(XXX)XXX-XXXX,,,SF 6/10/2019,,,,,,6/11/2019,12/31/2023,20829 Anza Ave.,HomeTown,XX,xxxxx,
128,,AnEvenLongerFirstName,AnEvenLongerLastName,,,,(XXX)XXX-XXXX,,,,,,,,,,,20829 Anza Ave.,HomeTown,XX,xxxxx,
129,,FName9,LastName9,,,,(XXX)XXX-XXXX,,,,,,,,,,,20829 Anza Ave.,HomeTown,XX,xxxxx,
130,,FName0,LastName0,XXXX,Tenant2Name,,(XXX)XXX-XXXX,,,,,,,,,,,20829 Anza Ave.,HomeTown,XX,xxxxx,
131,,FName1,LastName1,,,,(XXX)XXX-XXXX,,,,,,,,,,,20829 Anza Ave.,HomeTown,XX,xxxxx,
132,,FName2,LongLastName2Added,XXXX,Tenant2LongNameAdded,,(XXX)XXX-XXXX,,,,,,,,,,,20829 Anza Ave.,HomeTown,XX,xxxxx,
133,,FName3,LastName3,,,,(XXX)XXX-XXXX,,,,,,,,,,,20909 Anza Ave.,HomeTown,XX,xxxxx,
134,,FName4,LastName4,,,,(XXX)XXX-XXXX,,,,,,,,,,,20909 Anza Ave.,HomeTown,XX,xxxxx,
135,,FName5,LastName5,XXXX,XX,,(XXX)XXX-XXXX,,,,,,,,,,,20909 Anza Ave.,HomeTown,XX,xxxxx,
136,,FName6,LastName6,,,,(XXX)XXX-XXXX,,,,,,,,,,,20909 Anza Ave.,HomeTown,XX,xxxxx,
140,,,,,,,,,,,,,,,,,,20909 Anza Ave.,HomeTown,XX,xxxxx,
141,,FName1,LastName1,XXXX,XXXXXX,,(XXX)XXX-XXXX,,,,,,,,,,,20909 Anza Ave.,HomeTown,XX,xxxxx,
142,,FName2,LastName2,,,,(XXX)XXX-XXXX,,,,,,,,,,,20909 Anza Ave.,HomeTown,XX,xxxxx,
143,,FName3,LastName3,,,,(XXX)XXX-XXXX,,,,,,,,,,,20909 Anza Ave.,HomeTown,XX,xxxxx,
144,,FName4,LastName4,,,,(XXX)XXX-XXXX,,,,,,,,,,,20909 Anza Ave.,HomeTown,XX,xxxxx,
145,,FName5,LastName5,XXXX,XXXXX,,(XXX)XXX-XXXX,,,,,,,,,,,20909 Anza Ave.,HomeTown,XX,xxxxx,
146,,FName6,LastName6,,,,(XXX)XXX-XXXX,,,,,,,,,,,20909 Anza Ave.,HomeTown,XX,xxxxx,
147,,FName7,LastName7,,,,(XXX)XXX-XXXX,,,,,,,,,,,20909 Anza Ave.,HomeTown,XX,xxxxx,
148,,FName8,LastName8,,,,(XXX)XXX-XXXX,,,,,,,,,,,20909 Anza Ave.,HomeTown,XX,xxxxx,
149,,FName9,LastName9,,,,(XXX)XXX-XXXX,,,,,,,,,,,20929 Anza Ave.,HomeTown,XX,xxxxx,
150,,FName0,LastName0,,,,(XXX)XXX-XXXX,,,,,,,,,,,20929 Anza Ave.,HomeTown,XX,xxxxx,
151,,FName1,LastName1,,,,(XXX)XXX-XXXX,,,,,,,,,,,20929 Anza Ave.,HomeTown,XX,xxxxx,
152,,FName2,LastName2,,,,(XXX)XXX-XXXX,,,,,,,,,,,20929 Anza Ave.,HomeTown,XX,xxxxx,
153,,FName3,LastName3,,,,(XXX)XXX-XXXX,,,,,,,,,,,20929 Anza Ave.,HomeTown,XX,xxxxx,
154,,FName4,LastName4,,,,(XXX)XXX-XXXX,,,,,,,,,,,20929 Anza Ave.,HomeTown,XX,xxxxx,
155,,FName5,LastName5,XXXX,XXXXXXX,,(XXX)XXX-XXXX,,,,,,,,,,,20929 Anza Ave.,HomeTown,XX,xxxxx,
156,,FName6,LastName6,,,,(XXX)XXX-XXXX,,,,,,,,,,,20929 Anza Ave.,HomeTown,XX,xxxxx,
157,,FName7,LastName7,XXXX,XXX,,(XXX)XXX-XXXX,,,,,,,,,,,20929 Anza Ave.,HomeTown,XX,xxxxx,
158,,FName8,LastName8,,,,(XXX)XXX-XXXX,,,,,,,,,,,20929 Anza Ave.,HomeTown,XX,xxxxx,
159,,FName9,LastName9,,,,(XXX)XXX-XXXX,,,,,,,,,,,20929 Anza Ave.,HomeTown,XX,xxxxx,
160,,FName0,LastName0,XXXX,XXXXX,,(XXX)XXX-XXXX,,,,,,,,,,,20929 Anza Ave.,HomeTown,XX,xxxxx,
161,,FName1,LastName1,,,,(XXX)XXX-XXXX,,,,,,,,,,,20939 Anza Ave.,HomeTown,XX,xxxxx,
162,,FName2,LastName2,,,,(XXX)XXX-XXXX,,,,,,,,,,,20939 Anza Ave.,HomeTown,XX,xxxxx,
163,,FName3,LastName3,,,,(XXX)XXX-XXXX,,,,,,,,,,,20939 Anza Ave.,HomeTown,XX,xxxxx,
164,,FName4,LastName4,,,,(XXX)XXX-XXXX,,,,,,,,,,,20939 Anza Ave.,HomeTown,XX,xxxxx,
165,,FName5,LastName5,,,,(XXX)XXX-XXXX,,,,,,,,,,,20939 Anza Ave.,HomeTown,XX,xxxxx,
166,,FName6,LastName6,,,,(XXX)XXX-XXXX,,,,,,,,,,,20939 Anza Ave.,HomeTown,XX,xxxxx,
167,,FName7,LastName7,,,,(XXX)XXX-XXXX,,,,,,,,,,,20939 Anza Ave.,HomeTown,XX,xxxxx,
168,,FName8,LastName8,,,,(XXX)XXX-XXXX,,,,,,,,,,,20939 Anza Ave.,HomeTown,XX,xxxxx,
169,,FName9,LastName9,,,,(XXX)XXX-XXXX,,,,,,,,,,,20939 Anza Ave.,HomeTown,XX,xxxxx,
170,,FName0,LastName0,,,,(XXX)XXX-XXXX,,,,,,,,,,,20939 Anza Ave.,HomeTown,XX,xxxxx,
171,,FName1,LastName1,XXXX,XXXX,,(XXX)XXX-XXXX,,,,,,,,,,,20939 Anza Ave.,HomeTown,XX,xxxxx,
172,,FName2,LastName2,,,,(XXX)XXX-XXXX,,,,,,,,,,,20939 Anza Ave.,HomeTown,XX,xxxxx,
201,,FName1,LastName1,,,,(XXX)XXX-XXXX,,,,,,,,,,,20809 Anza Ave.,HomeTown,XX,xxxxx,
202,,FName2,LastName2,,,,(XXX)XXX-XXXX,,,,,,,,,,,20809 Anza Ave.,HomeTown,XX,xxxxx,
203,,FName3,LastName3,,,,(XXX)XXX-XXXX,aagarwal@hotmail.com,,ALLS 8/23/2015,,,,,,8/23/2015,,20809 Anza Ave.,HomeTown,XX,xxxxx,
204,,FName4,LastName4,XXXX,XXXX,,(XXX)XXX-XXXX,,,,,,,,,,,20809 Anza Ave.,HomeTown,XX,xxxxx,
205,,FName5,LastName5,,,,(XXX)XXX-XXXX,,,,,,,,,,,20809 Anza Ave.,HomeTown,XX,xxxxx,
206,,FName6,LastName6,,,,(XXX)XXX-XXXX,,,,,,,,,,,20809 Anza Ave.,HomeTown,XX,xxxxx,
207,,FName7,LastName7,XXXX,XXXXX,,(XXX)XXX-XXXX,,,,,,,,,,,20809 Anza Ave.,HomeTown,XX,xxxxx,
208,,FName8,LastName8,,,,(XXX)XXX-XXXX,,,,,,,,,,,20809 Anza Ave.,HomeTown,XX,xxxxx,
209,,FName9,LastName9,,,,(XXX)XXX-XXXX,,,,,,,,,,,20809 Anza Ave.,HomeTown,XX,xxxxx,
210,,FName0,LastName0,XXXX,XXXXXXXX,,(XXX)XXX-XXXX,,,,,,,,,,,20809 Anza Ave.,HomeTown,XX,xxxxx,
211,,FName1,LastName1,,,,(XXX)XXX-XXXX,,,,,,,,,,,20809 Anza Ave.,HomeTown,XX,xxxxx,
212,,FName2,LastName2,,,,(XXX)XXX-XXXX,,,,,,,,,,,20809 Anza Ave.,HomeTown,XX,xxxxx,
213,,FName3,LastName3,,,,(XXX)XXX-XXXX,,,,,,,,,,,20809 Anza Ave.,HomeTown,XX,xxxxx,
214,,,,,,,,,,,,,,,,,,20809 Anza Ave.,HomeTown,XX,xxxxx,
215,,FName5,LastName5,,,,(XXX)XXX-XXXX,,,,,,,,,,,20809 Anza Ave.,HomeTown,XX,xxxxx,
216,,FName6,LastName6,,,,(XXX)XXX-XXXX,,,,,,,,,,,20809 Anza Ave.,HomeTown,XX,xxxxx,
217,,FName7,LastName7,XXXX,CCDDFFGG,,(XXX)XXX-XXXX,,,,,,,,,,,20829 Anza Ave.,HomeTown,XX,xxxxx,
218,,FName8,LastName8,,,,(XXX)XXX-XXXX,,,,,,,,,,,20829 Anza Ave.,HomeTown,XX,xxxxx,
219,,,,,,,,,,,,,,,,,,20829 Anza Ave.,HomeTown,XX,xxxxx,
220,,FName0,LastName0,,,,(XXX)XXX-XXXX,,,,,,,,,,,20829 Anza Ave.,HomeTown,XX,xxxxx,
221,,FName1,LastName1,,,,(XXX)XXX-XXXX,,,,,,,,,,,20829 Anza Ave.,HomeTown,XX,xxxxx,
222,,FName2,LastName2,,,,(XXX)XXX-XXXX,,,,,,,,,,,20829 Anza Ave.,HomeTown,XX,xxxxx,
223,,FName3,LastName3,XXXX,ABCDEFG,,(XXX)XXX-XXXX,,,,,,,,,,,20829 Anza Ave.,HomeTown,XX,xxxxx,
224,,FName4,LastName4,,,,(XXX)XXX-XXXX,,,,,,,,,,,20829 Anza Ave.,HomeTown,XX,xxxxx,
225,,FName5,LastName5,,,,(XXX)XXX-XXXX,,,,,,,,,,,20829 Anza Ave.,HomeTown,XX,xxxxx,
226,,FName6,LastName6,,,,(XXX)XXX-XXXX,,,,,,,,,,,20829 Anza Ave.,HomeTown,XX,xxxxx,
227,,FName7,LastName7,,,,(XXX)XXX-XXXX,,,,,,,,,,,20829 Anza Ave.,HomeTown,XX,xxxxx,
228,,FName8,LastName8,XXXX,XXX,,(XXX)XXX-XXXX,,,,,,,,,,,20829 Anza Ave.,HomeTown,XX,xxxxx,
229,,FName9,LastName9,,,,(XXX)XXX-XXXX,,,,,,,,,,,20829 Anza Ave.,HomeTown,XX,xxxxx,
230,,FName0,LastName0,,,,(XXX)XXX-XXXX,,,,,,,,,,,20829 Anza Ave.,HomeTown,XX,xxxxx,
231,,FName1,LastName1,,,,(XXX)XXX-XXXX,,,,,,,,,,,20829 Anza Ave.,HomeTown,XX,xxxxx,
232,,FName2,LastName2,,,,(XXX)XXX-XXXX,,,,,,,,,,,20829 Anza Ave.,HomeTown,XX,xxxxx,
233,,,,,,,,,,,,,,,,,,20909 Anza Ave.,HomeTown,XX,xxxxx,
234,,FName4,LastName4,,,,(XXX)XXX-XXXX,,,,,,,,,,,20909 Anza Ave.,HomeTown,XX,xxxxx,
235,,FName5,LastName5,,,,(XXX)XXX-XXXX,,,,,,,,,,,20909 Anza Ave.,HomeTown,XX,xxxxx,
236,,FName6,LastName6,,,,(XXX)XXX-XXXX,,,,,,,,,,,20909 Anza Ave.,HomeTown,XX,xxxxx,
241,,,,,,,,,,,,,,,,,,20909 Anza Ave.,HomeTown,XX,xxxxx,
242,,FName2,LastName2,,,,(XXX)XXX-XXXX,,,,,,,,,,,20909 Anza Ave.,HomeTown,XX,xxxxx,
243,,FName3,LastName3,,,,(XXX)XXX-XXXX,,,,,,,,,,,20909 Anza Ave.,HomeTown,XX,xxxxx,
244,,FName4,LastName4,,,,(XXX)XXX-XXXX,,,,,,,,,,,20909 Anza Ave.,HomeTown,XX,xxxxx,
245,,FName5,LastName5,,,,(XXX)XXX-XXXX,,,,,,,,,,,20909 Anza Ave.,HomeTown,XX,xxxxx,
246,,FName6,LastName6,,,,(XXX)XXX-XXXX,,,,,,,,,,,20909 Anza Ave.,HomeTown,XX,xxxxx,
247,,FName7,LastName7,,,,(XXX)XXX-XXXX,,,,,,,,,,,20909 Anza Ave.,HomeTown,XX,xxxxx,
248,,FName8,LastName8,,,,(XXX)XXX-XXXX,,,,,,,,,,,20909 Anza Ave.,HomeTown,XX,xxxxx,
249,,FName9,LastName9,,,,(XXX)XXX-XXXX,,,,,,,,,,,20929 Anza Ave.,HomeTown,XX,xxxxx,
250,,FName0,LastName0,,,,(XXX)XXX-XXXX,,,,,,,,,,,20929 Anza Ave.,HomeTown,XX,xxxxx,
251,,FName1,LastName1,,,,(XXX)XXX-XXXX,,,,,,,,,,,20929 Anza Ave.,HomeTown,XX,xxxxx,
252,,FName2,LastName2,,,,(XXX)XXX-XXXX,,,,,,,,,,,20929 Anza Ave.,HomeTown,XX,xxxxx,
253,,FName3,LastName3,,,,(XXX)XXX-XXXX,,,,,,,,,,,20929 Anza Ave.,HomeTown,XX,xxxxx,
254,,FName4,LastName4,,,,(XXX)XXX-XXXX,,,,,,,,,,,20929 Anza Ave.,HomeTown,XX,xxxxx,
255,,FName5,LastName5,,,,(XXX)XXX-XXXX,,,,,,,,,,,20929 Anza Ave.,HomeTown,XX,xxxxx,
256,,FName6,LastName6,,,,(XXX)XXX-XXXX,,,,,,,,,,,20929 Anza Ave.,HomeTown,XX,xxxxx,
257,,FName7,LastName7,,,,(XXX)XXX-XXXX,,,,,,,,,,,20929 Anza Ave.,HomeTown,XX,xxxxx,
258,,FName8,LastName8,,,,(XXX)XXX-XXXX,,,,,,,,,,,20929 Anza Ave.,HomeTown,XX,xxxxx,
259,,FName9,LastName9,,,,(XXX)XXX-XXXX,,,,,,,,,,,20929 Anza Ave.,HomeTown,XX,xxxxx,
260,,FName0,LastName0,,,,(XXX)XXX-XXXX,,,,,,,,,,,20929 Anza Ave.,HomeTown,XX,xxxxx,
261,,FName1,LastName1,,,,(XXX)XXX-XXXX,,,,,,,,,,,20939 Anza Ave.,HomeTown,XX,xxxxx,
262,,FName2,LastName2,,,,(XXX)XXX-XXXX,,,,,,,,,,,20939 Anza Ave.,HomeTown,XX,xxxxx,
263,,FName3,LastName3,,,,(XXX)XXX-XXXX,,,,,,,,,,,20939 Anza Ave.,HomeTown,XX,xxxxx,
264,,FName4,LastName4,,,,(XXX)XXX-XXXX,,,,,,,,,,,20939 Anza Ave.,HomeTown,XX,xxxxx,
265,,FName5,LastName5,,,,(XXX)XXX-XXXX,,,,,,,,,,,20939 Anza Ave.,HomeTown,XX,xxxxx,
266,,FName6,LastName6,,,,(XXX)XXX-XXXX,,,,,,,,,,,20939 Anza Ave.,HomeTown,XX,xxxxx,
267,,FName7,LastName7,,,,(XXX)XXX-XXXX,,,,,,,,,,,20939 Anza Ave.,HomeTown,XX,xxxxx,
268,,FName8,LastName8,,,,(XXX)XXX-XXXX,,,,,,,,,,,20939 Anza Ave.,HomeTown,XX,xxxxx,
269,,FName9,LastName9,,,,(XXX)XXX-XXXX,,,,,,,,,,,20939 Anza Ave.,HomeTown,XX,xxxxx,
270,,FName0,LastName0,,,,(XXX)XXX-XXXX,,,,,,,,,,,20939 Anza Ave.,HomeTown,XX,xxxxx,
271,,FName1,LastName1,,,,(XXX)XXX-XXXX,,,,,,,,,,,20939 Anza Ave.,HomeTown,XX,xxxxx,
272,,FName2,LastName2,,,,(XXX)XXX-XXXX,,,,,,,,,,,20939 Anza Ave.,HomeTown,XX,xxxxx,
302,,FName2,LastName2,XXXX,XXXX,,(XXX)XXX-XXXX,,,,,,,,,,,20809 Anza Ave.,HomeTown,XX,xxxxx,
303,,FName3,LastName3,,,,(XXX)XXX-XXXX,,,,,,,,,,,20809 Anza Ave.,HomeTown,XX,xxxxx,
304,,FName4,LastName4,XXXX,XXXXXXX,,(XXX)XXX-XXXX,,,,,,,,,,,20809 Anza Ave.,HomeTown,XX,xxxxx,
305,,FName5,LastName5,,,,(XXX)XXX-XXXX,,,,,,,,,,,20809 Anza Ave.,HomeTown,XX,xxxxx,
308,,FName8,LastName8,,,,(XXX)XXX-XXXX,,,,,,,,,,,20809 Anza Ave.,HomeTown,XX,xxxxx,
309,,FName9,LastName9,,,,(XXX)XXX-XXXX,,,,,,,,,,,20809 Anza Ave.,HomeTown,XX,xxxxx,
310,,FName0,LastName0,XXXX,XXXXXXX,,(XXX)XXX-XXXX,,,,,,,,,,,20809 Anza Ave.,HomeTown,XX,xxxxx,
311,,FName1,LastName1,,,,(XXX)XXX-XXXX,,,,,,,,,,,20809 Anza Ave.,HomeTown,XX,xxxxx,
322,,FName2,LastName2,,,,(XXX)XXX-XXXX,,,,,,,,,,,20829 Anza Ave.,HomeTown,XX,xxxxx,
323,,FName3,LastName3,XXXX,XXXXXX,,(XXX)XXX-XXXX,,,,,,,,,,,20829 Anza Ave.,HomeTown,XX,xxxxx,
324,,FName4,LastName4,,,,(XXX)XXX-XXXX,,,,,,,,,,,20829 Anza Ave.,HomeTown,XX,xxxxx,
325,,FName5,LastName5,,,,(XXX)XXX-XXXX,,,,,,,,,,,20829 Anza Ave.,HomeTown,XX,xxxxx,
328,,FName8,LastName8,,,,(XXX)XXX-XXXX,,,,,,,,,,,20829 Anza Ave.,HomeTown,XX,xxxxx,
329,,FName9,LastName9,,,,(XXX)XXX-XXXX,,,,,,,,,,,20829 Anza Ave.,HomeTown,XX,xxxxx,
330,,FName0,LastName0,XXXX,XXXXX,,(XXX)XXX-XXXX,,,,,,,,,,,20829 Anza Ave.,HomeTown,XX,xxxxx,
331,,FName1,LastName1,,,,(XXX)XXX-XXXX,,,,,,,,,,,20829 Anza Ave.,HomeTown,XX,xxxxx,
338,,FName8,LastName8,,,,(XXX)XXX-XXXX,,,,,,,,,,,20909 Anza Ave.,HomeTown,XX,xxxxx,
339,,FName9,LastName9,XXXX,XXXXX,,(XXX)XXX-XXXX,,,,,,,,,,,20909 Anza Ave.,HomeTown,XX,xxxxx,
340,,FName0,LastName0,,,,(XXX)XXX-XXXX,,,,,,,,,,,20909 Anza Ave.,HomeTown,XX,xxxxx,
341,,,,,,,,,,,,,,,,,,20909 Anza Ave.,HomeTown,XX,xxxxx,
344,,FName4,LastName4,,,,(XXX)XXX-XXXX,,,,,,,,,,,20909 Anza Ave.,HomeTown,XX,xxxxx,
345,,FName5,LastName5,,,,(XXX)XXX-XXXX,,,,,,,,,,,20909 Anza Ave.,HomeTown,XX,xxxxx,
346,,FName6,LastName6,,,,(XXX)XXX-XXXX,,,,,,,,,,,20909 Anza Ave.,HomeTown,XX,xxxxx,
347,,FName7,LastName7,,,,(XXX)XXX-XXXX,,,,,,,,,,,20909 Anza Ave.,HomeTown,XX,xxxxx,
350,,FName0,LastName0,,,,(XXX)XXX-XXXX,,,,,,,,,,,20929 Anza Ave.,HomeTown,XX,xxxxx,
351,,FName1,LastName1,,,,(XXX)XXX-XXXX,,,,,,,,,,,20929 Anza Ave.,HomeTown,XX,xxxxx,
352,,FName2,LastName2,,,,(XXX)XXX-XXXX,,,,,,,,,,,20929 Anza Ave.,HomeTown,XX,xxxxx,
353,,FName3,LastName3,,,,(XXX)XXX-XXXX,,,,,,,,,,,20929 Anza Ave.,HomeTown,XX,xxxxx,
356,,FName6,LastName6,,,,(XXX)XXX-XXXX,,,,,,,,,,,20929 Anza Ave.,HomeTown,XX,xxxxx,
357,,FName7,LastName7,XXXX,XXX,,(XXX)XXX-XXXX,,,,,,,,,,,20929 Anza Ave.,HomeTown,XX,xxxxx,
358,,FName8,LastName8,,,,(XXX)XXX-XXXX,,,,,,,,,,,20929 Anza Ave.,HomeTown,XX,xxxxx,
359,,FName9,LastName9,,,,(XXX)XXX-XXXX,,,,,,,,,,,20929 Anza Ave.,HomeTown,XX,xxxxx,
362,,FName2,LastName2,,,,(XXX)XXX-XXXX,,,,,,,,,,,20939 Anza Ave.,HomeTown,XX,xxxxx,
363,,FName3,LastName3,,,,(XXX)XXX-XXXX,,,,,,,,,,,20939 Anza Ave.,HomeTown,XX,xxxxx,
364,,FName4,LastName4,,,,(XXX)XXX-XXXX,,,,,,,,,,,20939 Anza Ave.,HomeTown,XX,xxxxx,
365,,FName5,LastName5,XXXX,XXXXXXXX,,(XXX)XXX-XXXX,,,,,,,,,,,20939 Anza Ave.,HomeTown,XX,xxxxx,
368,,FName8,LastName8,,,,(XXX)XXX-XXXX,,,,,,,,,,,20939 Anza Ave.,HomeTown,XX,xxxxx,
369,,FName9,LastName9,,,,(XXX)XXX-XXXX,,,,,,,,,,,20939 Anza Ave.,HomeTown,XX,xxxxx,
370,,FName0,LastName0,,,,(XXX)XXX-XXXX,,,,,,,,,,,20939 Anza Ave.,HomeTown,XX,xxxxx,
371,,FName1,LastName1,,,,(XXX)XXX-XXXX,,,,,,,,,,,20939 Anza Ave.,HomeTown,XX,xxxxx,
